Amino Acid Name,letter Code,pKa side chain,pka2,pka3,PI,Solubility Molal,MW,charge,ww hydrophob scale,hydr or amine,aliphatic,aromatic,hydrophobicity at ph7
Alanine,A,0,2.34,9.69,6,1.867,89.1,0,-0.17,0,1,0,47
Arginine,R,12,2.17,9.04,10.76,1.125,174.2,-1,-0.81,0,0,0,-26
Aspartic Acid,D,4.5,1.88,9.6,5.41,0.038,133.1,1,-1.23,0,0,0,-41
Asparagine,N,0,2.02,8.8,2.77,0.19,132.1,0,-0.42,1,0,0,-18
Cysteine,C,13.85,1.96,8.18,5.07,0.211,121.2,0,0.24,1,0,0,52
Glutamic Acid,E,4.6,2.19,9.67,3.22,0.06,147.1,1,-2.02,0,0,0,8
Glutamine,Q,0,2.17,9.13,5.65,0.291,146.2,0,-0.58,1,0,0,-18
Glycine,G,0,2.34,9.6,5.97,3.37,1.607,0,-0.01,1,0,0,0
Histidine,H,6.2,1.82,9.17,7.59,0.281,75.1,-1,-0.96,1,0,0,-42
Isoleucine,I,0,2.36,9.6,6.02,0.242,131.2,0,0.31,0,1,0,100
Leucine,L,0,2.36,9.6,5.98,0.167,131.2,0,0.56,0,1,0,100
Lysine,K,10.4,2.18,8.95,9.74,1.687,146.2,-1,-0.99,0,0,0,-37
Methionine,M,0,2.28,9.21,5.74,0.375,149.2,0,0.23,0,1,0,74
Phenylalanine,F,0,1.83,9.13,5.48,0.17,165.2,0,1.13,0,1,1,92
Proline,P,0,1.99,10.6,6.3,11.298,115.1,0,-0.45,0,1,0,-46
Serine,S,0,2.21,9.15,5.68,3.48,105.1,0,-0.13,1,0,0,-7
Threonine,T,0,2.09,9.1,5.6,0.822,119.1,0,-0.14,1,0,0,13
Tryptophan,W,0,2.83,9.39,5.89,0.065,204.2,0,1.85,0,1,1,84
Tyrosine,Y,9.7,2.2,9.11,5.66,0.003,181.2,0,0.94,1,0,1,49
Valine,V,0,2.32,9.62,5.96,0.501,117.1,0,-0.07,0,1,0,79
Gap,.,0,0,0,0,0,0,0,0,0,0,0,0